timestamp,open,high,low,close,volume,symbol,ema50,ema200,rsi,macd_line,macd_signal
1753732800000.0,118070.0,118164.2,117739.0,117759.4,456.104,BTCUSDT,118166.43613939564,118013.04908665622,42.38565654507159,-119.17049295885954,-95.66861721156373
1753731900000.0,117682.0,118100.0,117536.7,118070.0,716.798,BTCUSDT,118162.65433000757,118013.61576241087,50.283050588286386,-99.22664784705557,-96.3802233386621
1753731000000.0,118090.8,118097.0,117682.0,117682.0,717.264,BTCUSDT,118143.80514059552,118010.3161030834,42.454339947157436,-113.4219071144762,-99.78856009382493
1753730100000.0,118146.4,118255.9,118080.8,118090.8,615.406,BTCUSDT,118141.72650763098,118011.1169378786,51.09396546763399,-90.64016543381149,-97.95888116182225
1753729200000.0,117779.8,118200.0,117764.7,118146.4,1399.499,BTCUSDT,118141.90978184153,118012.46303799923,52.14628252924621,-67.32295852806419,-91.83169663507064
1753728300000.0,117730.1,117860.0,117626.5,117779.8,375.491,BTCUSDT,118127.70939823991,118010.14798289476,45.23496601716614,-77.53172282096057,-88.97170187224863
1753727400000.0,117553.8,117777.1,117401.5,117730.1,1172.313,BTCUSDT,118112.11687281875,118007.36143580129,44.376275067721046,-88.61116239150579,-88.89959397610008
1753726500000.0,117778.2,117804.1,117460.6,117553.8,781.162,BTCUSDT,118090.22209349253,118002.84838668884,41.37580254062394,-110.34563883692317,-93.18880294826471
1753725600000.0,117666.0,117783.1,117477.1,117778.2,1299.381,BTCUSDT,118077.9859329634,118000.6130793586,46.34833092237331,-108.21571993986436,-96.19418634658464
1753724700000.0,117854.3,117854.3,117645.8,117666.0,601.314,BTCUSDT,118061.82962186681,117997.28359598192,44.3239443463457,-114.26417983601277,-99.80818504447028
1753723800000.0,118016.5,118116.1,117772.4,117854.3,571.295,BTCUSDT,118053.69120532302,117995.86087363385,48.39748769487334,-102.67976317531429,-100.38250067063909
1753722900000.0,117833.3,118021.5,117623.4,118016.5,1884.63,BTCUSDT,118052.23272668291,117996.06623807532,51.6772384486846,-79.49448216566816,-96.2048969696449
1753722000000.0,118004.0,118039.8,117830.1,117833.3,706.116,BTCUSDT,118043.6471295581,117994.44667351736,47.96882317354926,-75.03770095108484,-91.9714577659329
1753721100000.0,118317.7,118376.8,117990.0,118004.0,410.046,BTCUSDT,118042.09234016367,117994.54173149233,51.463824546804354,-57.07369628496235,-84.9919054697388
1753720200000.0,118283.5,118360.0,118155.4,118317.7,266.209,BTCUSDT,118052.90048368667,117997.75723665161,57.15902169691542,-17.324419737022254,-71.45840832319548
1753719300000.0,118054.9,118307.7,118006.2,118283.5,302.947,BTCUSDT,118061.94360197347,118000.60044822721,56.382270303915334,11.287400005516247,-54.909246657453146
1753718400000.0,118160.0,118163.2,117987.0,118054.9,509.658,BTCUSDT,118061.66738228824,118001.14074227471,51.35834601365432,15.339539119973779,-40.85948950196776
1753717500000.0,118229.7,118375.3,118105.1,118160.0,551.045,BTCUSDT,118065.52356337498,118002.72143140632,53.413624258366774,26.723528008849826,-27.34288599980424
1753716600000.0,118409.4,118513.7,118156.1,118229.7,796.293,BTCUSDT,118071.96185500734,118004.97992462615,54.778283069912156,40.89817995301564,-13.694672809240261
1753715700000.0,118175.1,118409.9,118108.1,118409.4,1162.778,BTCUSDT,118085.19472343843,118009.00400497814,58.179645069106144,65.87264310070896,2.2187903727495826
1753714800000.0,117980.0,118188.1,117888.0,118175.1,607.661,BTCUSDT,118088.72042055849,118010.65670144603,52.6221013273004,65.99824650016672,14.974681598233008
1753713900000.0,118247.9,118270.5,117925.0,117980.0,705.449,BTCUSDT,118084.45687465424,118010.35165964061,48.470118330967274,49.78100418920803,21.935946116428013
1753713000000.0,118071.8,118250.0,117874.0,118247.9,1725.868,BTCUSDT,118090.86640898153,118012.71532471881,53.854289348252564,57.878822843689704,29.124521461880352
1753712100000.0,118469.3,118522.2,118000.0,118071.8,3333.858,BTCUSDT,118090.11870666852,118013.30323193556,50.14525487750099,49.51581668588915,33.20278050668212
1753711200000.0,118429.5,118691.8,118297.3,118469.3,916.536,BTCUSDT,118104.98856130899,118017.84051320983,57.29487585639253,74.10872278234456,41.38396896181461
1753710300000.0,118654.3,118788.0,118227.1,118429.5,1764.575,BTCUSDT,118117.71450008119,118021.93662750625,56.4223895559393,89.35719652991975,50.978614475435634
1753709400000.0,118601.1,119084.7,118300.0,118654.3,2734.143,BTCUSDT,118138.75706870545,118028.22880036688,60.116687928809434,118.21845434891293,64.4265824501311
1753708500000.0,118667.2,118752.8,118383.3,118601.1,1037.227,BTCUSDT,118156.88816405034,118033.92901130852,58.84529351595103,135.23945743389777,78.58915744688443
1753707600000.0,118836.6,118861.6,118666.7,118667.2,431.064,BTCUSDT,118176.90039291112,118040.2302151761,59.97785078144845,152.30674523627385,93.33267500476231
1753706700000.0,118965.4,119000.0,118793.0,118836.6,333.768,BTCUSDT,118202.77096573813,118048.15429263703,62.80302306620142,177.45625282803667,110.15739056941717
1753705800000.0,118904.1,118989.2,118835.1,118965.4,214.096,BTCUSDT,118232.67798668958,118057.28111559586,64.8355464182863,205.41263338763383,129.20843913306052
1753704900000.0,118894.2,119092.0,118815.0,118904.1,642.14,BTCUSDT,118259.00826172138,118065.70717414716,63.069205405751596,220.0848673487053,147.38372477618947
1753704000000.0,118810.6,119040.8,118777.3,118894.2,895.104,BTCUSDT,118283.91774165387,118073.95088385713,62.771775118023704,228.2823741005559,163.56345464106278
1753703100000.0,118689.5,118826.9,118689.5,118810.6,296.693,BTCUSDT,118304.57194786353,118081.2807258088,60.19040166476202,225.43446771980962,175.93765725681217
1753702200000.0,118551.2,118764.3,118435.7,118689.5,903.662,BTCUSDT,118319.66716559438,118087.33265888534,56.56185570824335,210.97374941330054,182.94487568810987
1753701300000.0,118681.2,118715.3,118531.0,118551.2,551.342,BTCUSDT,118328.74688459068,118091.94825431933,52.65767604309139,186.2073889234598,183.59737833517988
1753700400000.0,118767.6,118871.7,118650.0,118681.2,242.707,BTCUSDT,118342.56857539105,118097.81145576888,55.749602646222435,175.05189407900616,181.88828148394515
1753699500000.0,118665.5,118808.4,118647.2,118767.6,364.794,BTCUSDT,118359.23647439532,118104.47601839805,57.72571201963097,171.20924832815945,179.75247485278803
1753698600000.0,118933.0,118933.1,118576.5,118665.5,670.295,BTCUSDT,118371.24680873277,118110.0583465732,54.62148151880798,158.10279654811893,175.4225391918542
1753697700000.0,118761.1,118965.3,118761.1,118933.0,231.829,BTCUSDT,118393.27634564522,118118.24682073666,60.599641875829576,167.37149903898535,173.81233116128047
1753696800000.0,118921.4,118938.4,118759.8,118761.1,229.986,BTCUSDT,118407.70080267875,118124.64336978405,55.53636718940066,159.01311496159178,170.85248792134274
1753695900000.0,118745.2,119021.2,118733.5,118921.4,327.694,BTCUSDT,118427.84586924037,118132.57129645288,58.97840987049343,163.43987256519904,169.36996485011403
1753695000000.0,118837.0,118854.0,118706.8,118745.2,444.218,BTCUSDT,118440.29112927016,118138.66710444838,54.02751853448302,150.98972684078035,165.6939172482473
1753694100000.0,118905.7,119008.0,118828.2,118837.0,232.129,BTCUSDT,118455.84833988702,118145.61569047377,56.09538262834521,146.837735440291,161.92268088665605
1753693200000.0,119058.0,119058.1,118894.2,118905.7,443.488,BTCUSDT,118473.48958146007,118153.17871842926,57.63130024372636,147.39172809869342,159.01649032906354
1753692300000.0,118870.0,119104.4,118837.4,119058.0,474.602,BTCUSDT,118496.41155865772,118162.18191526082,60.89713462706781,158.29537786699075,158.872267836649
1753691400000.0,119010.2,119030.3,118767.8,118870.0,321.516,BTCUSDT,118511.06208576918,118169.22488127813,55.23705943325876,150.03703648468945,157.1052215662571
1753690500000.0,118903.8,119081.4,118835.3,119010.2,267.79,BTCUSDT,118530.63612162137,118177.5927929072,58.346296333109876,153.04104780642956,156.29238681429158
1753689600000.0,118885.8,119044.4,118800.0,118903.8,347.392,BTCUSDT,118545.26999920484,118184.81873526634,55.211952692125266,145.1628111176833,154.06647167496993
1753688700000.0,118875.3,118950.2,118868.4,118885.8,154.33,BTCUSDT,118558.62411688309,118191.79367322389,54.67683141981232,135.90022896988376,150.4332231339527
1753687800000.0,119051.5,119051.5,118753.0,118875.3,620.464,BTCUSDT,118571.0427789661,118198.59473120177,54.34593834543647,126.25689276898629,145.59795706095943
1753686900000.0,118872.1,119117.1,118785.3,119051.5,1486.196,BTCUSDT,118589.8842386145,118207.0813507918,58.84673996776921,131.31858785066288,142.74208321890012
1753686000000.0,119455.7,119455.8,118863.7,118872.1,970.52,BTCUSDT,118600.95152337471,118213.69845177895,53.10615049501918,119.4766841357341,138.08900340226694
1753685100000.0,119475.5,119497.4,119427.5,119455.7,212.727,BTCUSDT,118634.47107147767,118226.05667613937,65.05029653642157,155.39226744585903,141.54965621098535
1753684200000.0,119483.2,119492.9,119432.0,119475.5,174.793,BTCUSDT,118667.4525980864,118238.4889480186,65.37254759375472,183.3398923475761,149.90770343830349
1753683300000.0,119582.0,119599.0,119455.9,119483.2,215.9,BTCUSDT,118699.44269227909,118250.87413261543,65.50574868940075,203.7610811754421,160.6783789857312
1753682400000.0,119528.5,119610.0,119492.1,119582.0,295.579,BTCUSDT,118734.05278277796,118264.11916612175,67.24672510953346,225.32000597019214,173.6067043826234
1753681500000.0,119496.0,119699.1,119375.9,119528.5,381.622,BTCUSDT,118765.2075756102,118276.70006994143,65.32407199627733,235.37534584107925,185.9604326743146
1753680600000.0,119378.2,119505.2,119241.5,119496.0,255.684,BTCUSDT,118793.86610205687,118288.83240755397,64.12465797807734,237.97852840837731,196.36405182112716
1753679700000.0,119270.0,119462.2,119270.0,119378.2,384.71,BTCUSDT,118816.78115687818,118299.67188608578,59.83615088191966,227.90890189092897,202.67302183508752
1753678800000.0,119215.8,119312.5,119139.5,119270.0,255.56,BTCUSDT,118834.55444484374,118309.32689219438,56.123432970747686,208.79100189130986,203.896617846332
1753677900000.0,119280.0,119350.0,119187.1,119215.8,163.318,BTCUSDT,118849.5052509283,118318.34652510789,54.3056986021964,187.1095588501339,200.5392060470924
1753677000000.0,119153.1,119311.9,119121.5,119280.0,195.442,BTCUSDT,118866.38739795072,118327.91521640035,56.11865173945725,173.11173813298228,195.05371246427038
1753676100000.0,119258.0,119258.0,119130.6,119153.1,191.003,BTCUSDT,118877.63102940364,118336.12601026702,51.748156081924456,150.04892431604094,186.0527548346245
1753675200000.0,119287.6,119413.2,119257.9,119258.0,217.163,BTCUSDT,118892.5474596231,118345.29888578676,54.87656938874827,138.6379001082678,176.56978388935315
1753674300000.0,119230.0,119312.0,119226.0,119287.6,193.68,BTCUSDT,118908.03971610848,118354.67501627645,55.74841571177718,130.4789734485239,167.3516218011873
1753673400000.0,119275.2,119362.0,119229.9,119230.0,200.106,BTCUSDT,118920.66560959443,118363.38471760704,53.57897547674156,118.0048403282126,157.48226550659237
1753672500000.0,119367.6,119481.5,119264.5,119275.2,186.351,BTCUSDT,118934.5689190221,118372.45750648658,55.056987526007276,110.49257260914601,148.08432692710312
1753671600000.0,119448.1,119542.3,119324.4,119367.6,457.832,BTCUSDT,118951.55053004084,118382.35942184493,58.0008782305176,110.71865832658659,140.61119320699981
1753670700000.0,119614.5,119648.5,119398.6,119448.1,396.076,BTCUSDT,118971.02305827454,118392.96380570717,60.432556355599424,116.0556923408003,135.7000930337599
1753669800000.0,119496.4,119844.9,119465.8,119614.5,1296.604,BTCUSDT,118996.25744814613,118405.1183947051,64.95003024797492,132.1886313280993,134.99780069262778
1753668900000.0,119216.2,119550.0,119216.1,119496.4,283.458,BTCUSDT,119015.87088155217,118415.97691814088,59.73708741956313,133.90089257081854,134.77841906826592
1753668000000.0,119044.1,119244.3,119017.9,119216.2,201.661,BTCUSDT,119023.72692541286,118423.93933686585,49.57138147308079,111.36433493965887,130.09560224254452
1753667100000.0,119076.7,119132.9,118950.0,119044.1,497.517,BTCUSDT,119024.52586951431,118430.11008973287,44.556071145819836,78.70960363389167,119.81840252081395
1753666200000.0,119399.1,119399.1,119069.0,119076.7,439.117,BTCUSDT,119026.57191384709,118436.5438201833,45.677237481035846,54.82900670051458,106.82052335675408
1753665300000.0,119248.4,119500.0,119184.0,119399.1,291.792,BTCUSDT,119041.1808584021,118446.12149361431,55.303390269548125,61.2128238415753,97.69898345371833
1753664400000.0,119250.1,119350.2,119070.1,119248.4,426.16,BTCUSDT,119049.3070992491,118454.10436432462,50.77423514330792,53.49515551800141,88.85821786657496
1753663500000.0,119263.2,119394.6,119115.4,119250.1,346.894,BTCUSDT,119057.1813306511,118462.02471890846,50.8231618962209,46.97453041528934,80.48148037631783
1753662600000.0,119649.3,119663.0,119263.1,119263.2,374.217,BTCUSDT,119065.260494155,118469.99661225267,51.22546567393487,42.375470515253255,72.86027840410492
1753661700000.0,119481.9,119718.6,119432.0,119649.3,474.398,BTCUSDT,119088.16400418813,118481.73097431981,61.279634004383226,69.08930711192079,72.10608414566809
1753660800000.0,119429.9,119481.9,119355.6,119481.9,249.607,BTCUSDT,119103.60463147488,118491.6829049236,55.89940749029995,75.87776248411683,72.86041981335785
1753659900000.0,119386.6,119454.0,119342.0,119429.9,179.137,BTCUSDT,119116.40052827979,118501.01839840694,54.30443830514514,76.18350088130683,73.52503602694765
1753659000000.0,119447.7,119480.0,119352.0,119386.6,219.786,BTCUSDT,119126.9965859943,118509.83015563672,52.94963180116104,72.10072041321837,73.24017290420178
1753658100000.0,119243.7,119539.0,119243.6,119447.7,325.254,BTCUSDT,119139.57319046512,118519.16219388909,54.66826152541548,72.95437422981195,73.18301316932383
1753657200000.0,119504.2,119556.0,119144.6,119243.7,824.068,BTCUSDT,119143.65659476061,118526.37152529319,48.32174336097288,56.51829816897225,69.85007016925351
1753656300000.0,119784.0,119784.0,119500.6,119504.2,420.109,BTCUSDT,119157.79555182882,118536.10116185744,55.43624219982365,63.777574210529565,68.63557097750872
1753655400000.0,119692.5,119784.0,119683.0,119784.0,416.003,BTCUSDT,119182.35258901202,118548.51806571956,61.557890023775464,91.05845915238024,73.12014861248304
1753654500000.0,119730.0,119784.0,119577.0,119692.5,640.149,BTCUSDT,119202.35836983508,118559.90097053828,58.717286754968384,104.09552331875602,79.31522355373764
1753653600000.0,119287.8,119781.9,119234.4,119730.0,1793.753,BTCUSDT,119223.050198469,118571.54374695083,59.54129896926468,116.1149266021821,86.67516416342653
1753652700000.0,119109.4,119294.9,119077.1,119287.8,333.389,BTCUSDT,119225.58940637218,118578.67067484188,47.500932498965334,88.93337730456551,87.12680679165433
1753651800000.0,119048.4,119119.9,118960.0,119109.4,222.465,BTCUSDT,119221.03295906346,118583.95156364943,43.66463702006123,52.392466859921115,80.1799388053077
1753650900000.0,118759.9,119060.6,118733.8,119048.4,313.948,BTCUSDT,119214.26303910019,118588.57294112557,42.403587379341545,18.30038640490966,67.8040283252281
1753650000000.0,118752.0,118875.5,118752.0,118759.9,176.735,BTCUSDT,119196.4448807041,118590.27768798005,36.96600868183652,-31.63272946617508,47.91667676694747
1753649100000.0,118893.0,118964.0,118730.8,118752.0,371.468,BTCUSDT,119179.0156696961,118591.88686521408,36.82674679705,-71.0238290293928,24.128575607679416
1753648200000.0,118994.0,118994.0,118855.0,118893.0,209.924,BTCUSDT,119167.7993689237,118594.88301580897,41.092328533752436,-89.82855000878044,1.3371504843874433
1753647300000.0,119096.9,119193.4,118920.6,118994.0,271.588,BTCUSDT,119160.98370739729,118598.85432908451,44.00876179334595,-95.48092627456936,-18.02646486740392
1753646400000.0,118978.8,119197.9,118949.3,119096.9,244.345,BTCUSDT,119158.47062083268,118603.81000740209,46.89350090831714,-90.6127774654451,-32.543727387012154
1753645500000.0,118997.3,119045.1,118928.0,118978.8,193.366,BTCUSDT,119151.42471413336,118607.54125110953,44.08608223524179,-95.18715913959022,-45.07241373752777
1753644600000.0,118953.7,119098.0,118953.7,118997.3,189.058,BTCUSDT,119145.38060769676,118611.41944761592,44.64514014584024,-96.21053897957609,-55.30003878593743
1753643700000.0,118973.5,119003.8,118895.9,118953.7,158.022,BTCUSDT,119137.86372112042,118614.82522425656,43.54022981322226,-99.39397858093434,-64.11882674493683
1753642800000.0,119025.9,119030.2,118896.7,118973.5,257.94,BTCUSDT,119131.41808499805,118618.3941274978,44.21542656635953,-99.17594432467013,-71.13025026088349
1753732800000.0,3797.25,3805.09,3777.1,3780.82,23569.95,ETHUSDT,3792.8342637687856,3792.0810212801644,47.86743762610381,-3.6780988162568065,-2.954598816659937
1753731900000.0,3771.55,3798.19,3763.23,3797.25,34290.66,ETHUSDT,3793.0074298955,3792.132453904242,53.38009941917807,-2.250084044498635,-2.8136958622276764
1753731000000.0,3798.7,3798.7,3768.74,3771.55,27575.61,ETHUSDT,3792.165962056461,3791.9276533678817,45.30924764193456,-3.1557695191095263,-2.8821105936040463
1753730100000.0,3800.75,3806.57,3797.59,3798.7,12639.12,ETHUSDT,3792.4221988385607,3791.9950399015347,53.33605497732961,-1.6635770046977996,-2.6384038758227972
1753729200000.0,3781.72,3802.46,3781.03,3800.75,39340.37,ETHUSDT,3792.748779276264,3792.082153932365,53.886389526826925,-0.31198939933574366,-2.1731209805253866
1753728300000.0,3776.5,3783.89,3768.55,3781.72,11984.62,ETHUSDT,3792.3162781281753,3791.979047923088,48.20321559455586,-0.7675604846012902,-1.8920088813405675
1753727400000.0,3771.0,3777.78,3753.49,3776.5,25850.66,ETHUSDT,3791.6960319270706,3791.8250275457435,46.74681682593859,-1.5321525259396367,-1.8200376102603815
1753726500000.0,3777.0,3779.9,3752.76,3771.0,27399.07,ETHUSDT,3790.8844228318917,3791.617813341308,45.197309115776186,-2.552477885666576,-1.9665256653416205
1753725600000.0,3784.41,3788.19,3752.24,3777.0,77272.33,ETHUSDT,3790.3399356620134,3791.47236246229,47.25142833778738,-2.8441575505735273,-2.142052042388002
1753724700000.0,3791.5,3796.0,3781.24,3784.41,12393.07,ETHUSDT,3790.107389165464,3791.4020901989843,49.75614364264405,-2.449158341591101,-2.203473302228622
1753723800000.0,3802.38,3808.46,3786.73,3791.5,12498.6,ETHUSDT,3790.1620013550537,3791.40306442586,52.099819394654006,-1.54619134490531,-2.07201691076396
1753722900000.0,3792.79,3803.03,3777.51,3802.38,35740.29,ETHUSDT,3790.6411385568163,3791.5122876654036,55.52803570887456,0.04680207238288858,-1.6482531141345902
1753722000000.0,3805.19,3809.14,3792.18,3792.79,13948.46,ETHUSDT,3790.7254076330196,3791.5250012209717,51.99561683706331,0.5293262360996778,-1.2127372440877366
1753721100000.0,3816.84,3822.01,3804.2,3805.19,16532.01,ETHUSDT,3791.2926465493715,3791.6609713580765,55.901931424901186,1.890513814669248,-0.5920870323363397
1753720200000.0,3813.12,3817.43,3803.46,3816.84,8624.97,ETHUSDT,3792.2945035474354,3791.911508956504,59.25647791076884,3.8647717316148373,0.29928472045389576
1753719300000.0,3797.58,3816.74,3793.88,3813.12,17042.21,ETHUSDT,3793.11118968283,3792.1225387181307,57.745920443465685,5.070759880428341,1.2535797524487848
1753718400000.0,3807.01,3809.08,3792.04,3797.58,17498.56,ETHUSDT,3793.2864371462488,3792.176841815463,51.80485129498324,4.718177833140544,1.9464993685871368
1753717500000.0,3805.93,3813.62,3789.05,3807.01,28142.22,ETHUSDT,3793.8246160816902,3792.3244354292397,54.84106510224283,5.140420641298078,2.5852836231293255
1753716600000.0,3814.01,3820.68,3803.5,3805.93,18794.71,ETHUSDT,3794.2993370196637,3792.4598141811875,54.418230820624565,5.326503517873789,3.1335276020782183
1753715700000.0,3801.06,3821.33,3798.64,3814.01,72267.11,ETHUSDT,3795.0723041953634,3792.6742438908277,57.08419241104434,6.0561524551585535,3.718052572694286
1753714800000.0,3784.86,3802.09,3780.16,3801.06,22399.94,ETHUSDT,3795.307115795545,3792.7576842501235,51.849946591259986,5.525750312516266,4.079592120658682
1753713900000.0,3795.0,3796.32,3779.41,3784.86,29293.22,ETHUSDT,3794.8974249800335,3792.679100327237,46.1491927130742,3.7549138724116347,4.014656471009273
1753713000000.0,3784.63,3797.83,3772.19,3795.0,79976.82,ETHUSDT,3794.9014475298363,3792.7021938563194,49.8648362231808,3.1336042527013888,3.8384460273476964
1753712100000.0,3836.4,3840.11,3775.0,3784.63,180038.62,ETHUSDT,3794.4986456659212,3792.6218735194407,46.343133435923406,1.7838761546063324,3.4275320527994237
1753711200000.0,3843.8,3852.82,3832.17,3836.4,21334.69,ETHUSDT,3796.1418360319635,3793.0574767680037,61.109802566888625,4.835868372285859,3.709199316696711
1753710300000.0,3852.49,3861.19,3831.89,3843.8,40870.46,ETHUSDT,3798.010783638553,3793.5623774966807,62.69038182818829,7.76223414542801,4.519806282442971
1753709400000.0,3844.37,3869.72,3824.46,3852.49,67444.38,ETHUSDT,3800.147223495865,3794.148721999202,64.51428760871252,10.659731726716927,5.747791371297763
1753708500000.0,3859.01,3864.46,3832.66,3844.37,66991.94,ETHUSDT,3801.8814500254393,3794.648436208165,61.489442858420425,12.160623202350507,7.030357737508312
1753707600000.0,3871.28,3875.0,3850.52,3859.01,34662.65,ETHUSDT,3804.1217853185594,3795.2888497782333,64.70278761068336,14.365815974401357,8.497449384886922
1753706700000.0,3886.87,3887.82,3868.51,3871.28,15739.28,ETHUSDT,3806.7554407962634,3796.044980626211,67.17491872260877,16.90862152544514,10.179683812998567
1753705800000.0,3883.54,3889.88,3880.9,3886.87,6451.96,ETHUSDT,3809.897188216018,3796.9487121622687,70.04555763203001,19.951803976827705,12.134107845764396
1753704900000.0,3882.01,3890.31,3880.0,3883.54,7822.22,ETHUSDT,3812.7851416193116,3797.8103170163754,68.66426300753062,21.84305172105269,14.075896620822055
1753704000000.0,3880.0,3887.25,3873.0,3882.01,13777.71,ETHUSDT,3815.499841947966,3798.648124807258,68.00074717544425,22.953823580817698,15.851482012821187
1753703100000.0,3871.36,3880.5,3871.35,3880.0,10595.92,ETHUSDT,3818.029259910791,3799.457596202211,67.08362673963293,23.402162518459136,17.36161811394878
1753702200000.0,3870.48,3876.64,3858.94,3871.36,32979.68,ETHUSDT,3820.120661482917,3800.173043006169,63.14150541139235,22.79750313890827,18.44879511894068
1753701300000.0,3879.16,3879.85,3867.45,3870.48,16065.82,ETHUSDT,3822.095537503195,3800.8726147175507,62.73712354855655,21.99376712200774,19.157789519554093
1753700400000.0,3888.51,3894.45,3877.27,3879.16,10905.65,ETHUSDT,3824.3333595618933,3801.651593675585,65.11063605764588,21.805839848116648,19.687399585266604
1753699500000.0,3886.68,3890.19,3880.8,3888.51,8060.82,ETHUSDT,3826.850090559466,3802.515856425082,67.51126233082718,22.155972726429354,20.181114213499157
1753698600000.0,3890.07,3890.07,3875.73,3886.68,18370.12,ETHUSDT,3829.1963615179184,3803.3533105900065,66.54614838955416,22.031820733922814,20.55125551758389
1753697700000.0,3882.17,3893.67,3882.16,3890.07,6301.12,ETHUSDT,3831.58356302702,3804.216163220952,67.47376693362587,21.953903124592216,20.831785038985558
1753696800000.0,3894.61,3897.9,3882.0,3882.17,10976.26,ETHUSDT,3833.5673448690977,3804.991823288405,63.08387589277734,21.012470204180772,20.8679220720246
1753695900000.0,3878.01,3896.97,3878.01,3894.61,14072.01,ETHUSDT,3835.961174482074,3805.8835464397644,66.75213891592617,21.027786631730578,20.899894983965797
1753695000000.0,3881.87,3890.0,3872.16,3878.01,19547.46,ETHUSDT,3837.6101480317966,3806.601222594593,58.411234459707295,19.475937261501258,20.61510343947289
1753694100000.0,3887.04,3892.8,3878.45,3881.87,8204.86,ETHUSDT,3839.345828501138,3807.3501656533535,59.67308201946596,18.346073085263924,20.161297368631097
1753693200000.0,3892.18,3892.24,3883.73,3887.04,8330.59,ETHUSDT,3841.2161881677603,3808.1430993284444,61.363956728041806,17.664201459035212,19.661878186711924
1753692300000.0,3888.48,3895.14,3885.78,3892.18,5517.94,ETHUSDT,3843.2147690239267,3808.979287394828,63.02390552994147,17.338698601346096,19.19724226963876
1753691400000.0,3898.06,3898.56,3883.0,3888.48,15175.82,ETHUSDT,3844.989876121028,3809.7703392615467,60.99247672182738,16.590926292884433,18.675979074287895
1753690500000.0,3887.86,3901.4,3887.38,3898.06,9667.22,ETHUSDT,3847.071057449615,3810.648843348497,64.20921676499016,16.58021093676325,18.25682544678297
1753689600000.0,3893.27,3903.0,3884.0,3887.86,20678.0,ETHUSDT,3848.6706238241404,3811.417113563935,58.6623656654202,15.569192228272186,17.71929880308081
1753688700000.0,3889.82,3894.16,3886.81,3893.27,7299.25,ETHUSDT,3850.4196189682916,3812.2315701453886,60.60619803319421,15.031223813035922,17.181683805071835
1753687800000.0,3895.77,3896.76,3884.0,3889.82,14520.66,ETHUSDT,3851.964731949927,3813.003594323047,58.710219534427054,14.163228914339925,16.577992826925453
1753686900000.0,3884.1,3897.84,3875.76,3895.77,40693.2,ETHUSDT,3853.68258559895,3813.827140648191,60.97754324355457,13.796415487563081,16.02167735905298
1753686000000.0,3912.99,3914.35,3880.02,3884.1,61470.1,ETHUSDT,3854.8754253793836,3814.5263730795523,54.640009358693604,12.42086177156898,15.30151424155618
1753685100000.0,3912.76,3916.92,3909.76,3912.99,14387.98,ETHUSDT,3857.1544283056824,3815.50611066085,64.48159712278846,13.506215848535703,14.942454562952086
1753684200000.0,3922.04,3928.22,3909.97,3912.76,19116.95,ETHUSDT,3859.3350389603615,3816.4738110522844,64.36187184393404,14.184299916261807,14.790823633614032
1753683300000.0,3933.26,3934.5,3916.57,3922.04,26597.88,ETHUSDT,3861.7940570403475,3817.52422089256,67.0224344751212,15.2942028192806,14.891499470747345
1753682400000.0,3930.45,3935.22,3925.0,3933.26,15481.84,ETHUSDT,3864.5966430387653,3818.675820684674,69.94402278782613,16.884534691226236,15.290106514843123
1753681500000.0,3935.55,3943.36,3927.98,3930.45,27326.4,ETHUSDT,3867.1791276254803,3819.7880015733836,68.3117454346505,17.713945306668393,15.774874273208177
1753680600000.0,3939.85,3941.08,3923.48,3935.55,45636.6,ETHUSDT,3869.8603383068344,3820.939862254246,69.69409885082733,18.568737722679543,16.33364696310245
1753679700000.0,3922.5,3941.28,3922.5,3939.85,51988.81,ETHUSDT,3872.605030922253,3822.1230477044523,70.84877589259978,19.369857276845778,16.940889025851117
1753678800000.0,3903.0,3925.0,3901.57,3922.5,34656.39,ETHUSDT,3874.5616963762823,3823.121823349184,60.785308163289336,18.3927303488922,17.231257290459336
1753677900000.0,3898.7,3907.34,3894.5,3903.0,23229.79,ETHUSDT,3875.6769239693695,3823.916631077053,51.86798511026159,15.862015743243774,16.957408981016222
1753677000000.0,3880.35,3902.6,3874.6,3898.7,24191.5,ETHUSDT,3876.579789696061,3824.6607442006643,50.12183580839336,13.355478479635622,16.237022880740103
1753676100000.0,3872.01,3882.0,3868.21,3880.35,14163.55,ETHUSDT,3876.7276410805293,3825.2148661489164,43.40621440193749,9.775650384448,14.944748381481684
1753675200000.0,3879.96,3887.48,3872.01,3872.01,10502.36,ETHUSDT,3876.54263554796,3825.680489371315,40.73481024004427,6.194239194378952,13.194646544061138
1753674300000.0,3868.52,3880.53,3867.74,3879.96,8403.91,ETHUSDT,3876.6766498401967,3826.2205840044367,44.25662651630977,3.9518886700298026,11.346094969254873
1753673400000.0,3871.69,3880.0,3868.51,3868.52,8671.67,ETHUSDT,3876.356781219012,3826.641473715835,40.524721079959946,1.2374329752260564,9.32436257044911
1753672500000.0,3880.56,3885.0,3871.14,3871.69,11136.99,ETHUSDT,3876.173770190816,3827.089717758464,41.98458917427416,-0.6505016343803618,7.329389729483217
1753671600000.0,3886.52,3894.67,3876.0,3880.56,11349.92,ETHUSDT,3876.345779202941,3827.6217603678324,45.98016540361142,-1.4146612101758365,5.580579541551407
1753670700000.0,3890.74,3899.33,3880.53,3886.52,22956.83,ETHUSDT,3876.744768253806,3828.207812503476,48.54450271697528,-1.5217986418088003,4.1601039048793655
1753669800000.0,3874.77,3908.41,3872.65,3890.74,88123.05,ETHUSDT,3877.2936008713036,3828.830023324337,50.34197506701413,-1.251757613693826,3.0777316011647273
1753668900000.0,3856.88,3875.63,3856.86,3874.77,22263.07,ETHUSDT,3877.1946361312525,3829.287137520115,44.06814998440747,-2.2998820775510467,2.0022088654215726
1753668000000.0,3850.01,3859.93,3842.89,3856.88,20462.69,ETHUSDT,3876.3979837339484,3829.561693365686,38.30860008144819,-4.521975237808874,0.6973720447754833
1753667100000.0,3849.61,3853.91,3843.47,3850.01,17433.06,ETHUSDT,3875.363160842421,3829.765159103341,36.344200099716694,-6.7594331241894,-0.7939889890174934
1753666200000.0,3860.09,3860.09,3846.21,3849.61,17255.49,ETHUSDT,3874.353232966248,3829.9626202067907,36.227717100331006,-8.467305449710238,-2.3286522811560424
1753665300000.0,3853.28,3865.0,3850.88,3860.09,21494.83,ETHUSDT,3873.7938904969837,3830.2623951301066,41.5163997166184,-8.87287715261482,-3.637497255447798
1753664400000.0,3861.93,3865.61,3848.05,3853.28,27351.66,ETHUSDT,3872.9894242029845,3830.4914260243345,39.23917483896724,-9.632765214405026,-4.836550847239244
1753663500000.0,3866.0,3874.0,3855.2,3861.93,28234.5,ETHUSDT,3872.555721293064,3830.8042476559335,43.47992460150108,-9.428315516783186,-5.754903781148033
1753662600000.0,3886.23,3887.23,3865.2,3866.0,27827.71,ETHUSDT,3872.298634183532,3831.1544541469193,45.410518536222774,-8.836016574010046,-6.371126339720435
1753661700000.0,3882.5,3888.7,3872.14,3886.23,37554.12,ETHUSDT,3872.8449622547664,3831.7024695285418,53.848855065140924,-6.657480176406807,-6.42839710705771
1753660800000.0,3873.24,3883.66,3860.08,3882.5,20271.33,ETHUSDT,3873.2235911859525,3832.2079175929343,52.24526828065913,-5.172330803055502,-6.177183846257269
1753659900000.0,3862.45,3878.16,3860.63,3873.24,20539.66,ETHUSDT,3873.2242346688568,3832.6161970198705,48.39243424669447,-4.6884977521044675,-5.879446627426709
1753659000000.0,3859.38,3866.5,3850.32,3862.45,9702.28,ETHUSDT,3872.801715662235,3832.9130507808673,44.29352136690749,-5.116736840366684,-5.726904670014704
1753658100000.0,3843.54,3863.55,3841.0,3859.38,17813.84,ETHUSDT,3872.275373871559,3833.176403509416,43.17303792604985,-5.6388416891145425,-5.709292073834672
1753657200000.0,3864.99,3865.64,3839.14,3843.54,25490.25,ETHUSDT,3871.148496464831,3833.2795238725066,37.85243829932428,-7.247227633984039,-6.016879185864545
1753656300000.0,3875.22,3881.98,3860.72,3864.99,33814.85,ETHUSDT,3870.9069867995436,3833.5950509981535,47.32022904846491,-6.713658472454881,-6.156235043182613
1753655400000.0,3856.21,3876.38,3849.66,3875.22,31544.43,ETHUSDT,3871.0761245721105,3834.0092295951868,51.143049766577235,-5.403042651058513,-6.005596564757793
1753654500000.0,3856.44,3861.35,3842.35,3856.21,21109.37,ETHUSDT,3870.493139294773,3834.2301327832947,44.657776044056114,-5.83110099439682,-5.9706974506855985
1753653600000.0,3837.03,3857.43,3835.89,3856.44,18510.01,ETHUSDT,3869.942035793017,3834.451126486944,44.74906363237046,-6.081675468585672,-5.992893054265614
1753652700000.0,3820.75,3841.14,3820.52,3837.03,8166.66,ETHUSDT,3868.651367722703,3834.47678691991,38.915194128286544,-7.757063726498927,-6.345727188712277
1753651800000.0,3828.2,3832.4,3815.0,3820.75,10750.83,ETHUSDT,3866.77288271397,3834.3402019754335,34.81543676559161,-10.279979726556576,-7.132577696281137
1753650900000.0,3822.54,3828.4,3819.0,3828.2,6893.38,ETHUSDT,3865.2602206467554,3834.2791054383647,38.032710468473184,-11.545170555928962,-8.015096268210701
1753650000000.0,3822.7,3830.58,3821.41,3822.54,7501.67,ETHUSDT,3863.5849178762946,3834.1622984190776,36.55648556218884,-12.856358008503776,-8.983348616269318
1753649100000.0,3824.98,3830.0,3818.84,3822.7,12894.63,ETHUSDT,3861.9815877634987,3834.04824569849,36.63136418423496,-13.724366890053716,-9.931552271026197
1753648200000.0,3834.89,3834.89,3823.26,3824.98,9401.3,ETHUSDT,3860.5305451061067,3833.9580143980074,37.75868854945852,-14.066147445227216,-10.7584713058664
1753647300000.0,3837.52,3841.57,3830.1,3834.89,5681.66,ETHUSDT,3859.5250335333185,3833.967287886585,42.54321894746995,-13.383084946343388,-11.283394033961798
1753646400000.0,3829.13,3844.0,3828.44,3837.52,14951.57,ETHUSDT,3858.662091041816,3834.0026382558726,43.77839983473793,-12.485607661505128,-11.523836759470464
1753645500000.0,3834.69,3839.13,3826.68,3829.13,9585.53,ETHUSDT,3857.50396982449,3833.954154293128,40.76751330479408,-12.309457564705099,-11.680960920517393
1753644600000.0,3838.94,3844.85,3831.6,3834.69,12843.02,ETHUSDT,3856.609304341177,3833.9614761409575,43.538804056492225,-11.587636747386114,-11.662296085891137
1753643700000.0,3849.0,3849.0,3836.15,3838.94,10135.73,ETHUSDT,3855.9163904454444,3834.011013691794,45.632716800163706,-10.551023437551521,-11.440041556223214
1753642800000.0,3847.16,3853.39,3840.68,3849.0,14410.16,ETHUSDT,3855.645159447584,3834.1601578341642,50.32851460620623,-8.816115306625761,-10.915256306303725
1753732800000.0,185.22,185.49,183.89,184.07,131308.3,SOLUSDT,183.49105335442198,181.37896508167057,52.70651413915432,0.12402507912210581,0.10868597353208065
1753731900000.0,184.52,185.47,183.56,185.22,250073.3,SOLUSDT,183.5588551836603,181.41718433458928,58.50621425600726,0.23185289683243582,0.13331935819215168
1753731000000.0,185.69,185.69,184.41,184.52,77349.1,SOLUSDT,183.59654713724228,181.44805812230481,54.15298539937021,0.2578507266985639,0.15822563189343414
1753730100000.0,185.83,186.05,185.37,185.69,70847.5,SOLUSDT,183.67864332793866,181.49026649919733,59.56808356713314,0.368614260335022,0.20030335758175172
1753729200000.0,185.1,186.4,185.05,185.83,201152.5,SOLUSDT,183.7630102562548,181.53344792706602,60.174242040264936,0.46236216548797415,0.2527151191629962
1753728300000.0,185.02,185.39,184.73,185.1,109043.0,SOLUSDT,183.81544122659776,181.56893600739375,55.501755281132304,0.47230867618628736,0.29663383056765447
1753727400000.0,184.56,185.19,183.38,185.02,344166.1,SOLUSDT,183.8626788255547,181.6032749525938,54.997751039104976,0.4683373250105092,0.3309745294562254
1753726500000.0,185.8,185.88,184.34,184.56,242147.2,SOLUSDT,183.89002475396433,181.63269510231925,52.06978658967424,0.42319353334841026,0.3494183302346624
1753725600000.0,185.84,186.24,184.51,185.8,302138.1,SOLUSDT,183.96492574400494,181.67416082269418,58.485810437422266,0.4819191263955247,0.37591848946683487
1753724700000.0,185.87,186.2,185.3,185.84,95454.4,SOLUSDT,184.03845806776945,181.71561195878678,58.67796966685245,0.5256281337527184,0.40586041832401165
1753723800000.0,186.88,187.04,185.46,185.87,130463.5,SOLUSDT,184.1102832415824,181.7569491532267,58.831881372662124,0.556276180727707,0.4359435708047507
1753722900000.0,186.56,186.92,185.7,186.88,195731.7,SOLUSDT,184.21889958504977,181.8079247835429,63.72993102429406,0.6545186542183217,0.4796585874874649
1753722000000.0,186.62,187.41,186.46,186.56,68646.3,SOLUSDT,184.31070744445958,181.8552091140549,61.243725362281005,0.6985032855374982,0.5234275270974716
1753721100000.0,187.61,187.97,186.42,186.62,82562.1,SOLUSDT,184.4012679368337,181.90261996864143,61.54663556531883,0.7297903524054163,0.5647000921590606
1753720200000.0,187.28,187.65,186.43,187.61,73160.1,SOLUSDT,184.5271005667618,181.95940981969974,66.23581428363869,0.82496067143407,0.6167522080140625
1753719300000.0,186.56,187.4,186.43,187.28,97661.5,SOLUSDT,184.63505740728093,182.01235101552365,63.457944580841314,0.8637982641609483,0.6661614192434396
1753718400000.0,187.13,187.13,186.06,186.56,167033.6,SOLUSDT,184.71054535209345,182.05760125417515,57.76559596638443,0.8269468252528043,0.6983185004453126
1753717500000.0,187.68,188.07,186.47,187.13,192837.9,SOLUSDT,184.80542592652117,182.10807288348687,60.766098696993815,0.8341208053076912,0.7254789614177883
1753716600000.0,188.67,189.02,187.65,187.68,101629.0,SOLUSDT,184.91815432155957,182.1635149443477,63.46339330047867,0.8741104386235179,0.7552052568589342
1753715700000.0,188.04,188.88,187.91,188.67,192951.7,SOLUSDT,185.06528552463567,182.22825608918006,67.7599433309577,0.9744543343709893,0.7990550723613453
1753714800000.0,187.47,188.04,187.2,188.04,83363.8,SOLUSDT,185.18194099425781,182.28608438680016,62.70642610420126,0.9917100437529598,0.8375860666396683
1753713900000.0,187.93,188.02,187.08,187.47,134862.0,SOLUSDT,185.27166879840456,182.33766563668274,58.45840498132783,0.9484578497501843,0.8597604232617716
1753713000000.0,187.4,188.16,186.62,187.93,316631.5,SOLUSDT,185.37591708082007,182.39331075472572,60.76823552032413,0.9404573233975952,0.8758998032889365
1753712100000.0,189.6,189.84,186.8,187.4,653836.1,SOLUSDT,185.45529288157223,182.4431285581613,56.84628795222514,0.8811924400912119,0.8769583306493915
1753711200000.0,190.19,190.7,189.38,189.6,149763.6,SOLUSDT,185.61783041562822,182.51434120932387,66.5087535859,1.0002163356193137,0.9016099316433761
1753710300000.0,191.21,191.68,189.69,190.19,194869.4,SOLUSDT,185.79713118364282,182.59071592365896,68.54298926689825,1.1291357257268544,0.9471150904600718
1753709400000.0,190.54,191.82,189.17,191.21,408947.1,SOLUSDT,186.00940054899016,182.67647994431908,71.73888163460694,1.2986408236660623,1.01742023710127
1753708500000.0,191.23,191.82,189.88,190.54,327191.4,SOLUSDT,186.18707111569643,182.75472392497264,66.928855801418,1.3631973440040213,1.0865756584818203
1753707600000.0,192.89,192.98,191.2,191.23,128316.9,SOLUSDT,186.38483303272795,182.8390550301968,69.21787961369812,1.4532835369297459,1.1599172341714055
1753706700000.0,193.52,193.55,192.59,192.89,122515.6,SOLUSDT,186.6399376196798,182.9390644328814,73.89856229496291,1.639723904185729,1.2558785681742703
1753705800000.0,192.45,193.55,192.19,193.52,110029.5,SOLUSDT,186.9097439875355,183.04434737384776,75.42580186497938,1.8173655149511205,1.3681759575296404
1753704900000.0,192.11,192.73,191.97,192.45,77170.7,SOLUSDT,187.12700892920077,183.13793595719258,68.13400490287887,1.8504765716482154,1.4646360803533554
1753704000000.0,192.02,192.34,191.34,192.11,93483.2,SOLUSDT,187.32242034374192,183.22721022627525,65.95216193326259,1.8282077235146232,1.537350408985609
1753703100000.0,191.45,192.05,191.42,192.02,53204.4,SOLUSDT,187.50663915379127,183.31470067178495,65.35555219583429,1.7827468570451117,1.5864296985975097
1753702200000.0,191.0,191.65,190.62,191.45,118785.4,SOLUSDT,187.66128075560337,183.395648923807,61.557513382018726,1.681343080101243,1.6054123748982565
1753701300000.0,191.58,191.72,190.88,191.0,129339.8,SOLUSDT,187.79221092205032,183.47131410864475,58.65926330447324,1.546837635713871,1.5936974270613795
1753700400000.0,192.29,192.33,191.56,191.58,35078.9,SOLUSDT,187.9407516702052,183.55199755034977,61.1952109209273,1.4700959042341424,1.5689771224959321
1753699500000.0,191.9,192.44,191.75,192.29,52280.6,SOLUSDT,188.11131042823638,183.63894284835624,64.09849640705681,1.4498555629980672,1.5451528105963592
1753698600000.0,192.98,192.99,191.7,191.9,79219.9,SOLUSDT,188.2598864898742,183.72114242200445,61.381836726707455,1.3863640641607162,1.5133950613092308
1753697700000.0,192.39,193.12,192.23,192.98,44007.7,SOLUSDT,188.44498898046737,183.81327035810392,65.71526864334263,1.4069748378447002,1.4921110166163247
1753696800000.0,193.13,193.31,192.38,192.39,43912.0,SOLUSDT,188.59969529495885,183.89861095155564,61.6456322007514,1.3600234515533316,1.4656935036037262
1753695900000.0,192.28,193.34,192.22,193.13,63226.0,SOLUSDT,188.77735430299967,183.9904655689531,64.60623710786615,1.366770673672022,1.4459089376173855
1753695000000.0,192.46,192.74,191.82,192.28,61336.3,SOLUSDT,188.914712957784,184.0729484986153,58.97498045962807,1.2886749568285722,1.414462141459623
1753694100000.0,192.3,192.84,192.17,192.46,30823.3,SOLUSDT,189.05374382218463,184.1564017473853,59.77457492431552,1.2271620737537603,1.3770021279184506
1753693200000.0,192.58,192.84,192.26,192.3,47756.1,SOLUSDT,189.18104798602053,184.23743257576953,58.67975811117943,1.1522199337520647,1.3320456890851733
1753692300000.0,191.87,192.72,191.63,192.58,49800.7,SOLUSDT,189.31434022186286,184.32044319690618,60.058466533243845,1.1027100527393259,1.286178561816004
1753691400000.0,192.17,192.23,191.21,191.87,68615.3,SOLUSDT,189.41456217394668,184.39556316509618,55.04315523082529,0.9947155869573976,1.2278859668442828
1753690500000.0,192.12,192.49,191.55,192.17,81431.8,SOLUSDT,189.5226185592821,184.47292074554298,56.688929117548334,0.9227003720347113,1.1668488478823684
1753689600000.0,192.33,192.83,192.0,192.12,77974.2,SOLUSDT,189.62447665499653,184.54901108638336,56.318877956987265,0.8517744871575701,1.103833975737409
1753688700000.0,192.0,192.42,191.94,192.33,67716.6,SOLUSDT,189.73057560970256,184.62643386164325,57.57159839326775,0.8032510789243759,1.0437173963748023
1753687800000.0,192.63,192.63,191.84,192.0,75335.6,SOLUSDT,189.8195726446162,184.69980267894036,54.906791333693086,0.7297555188679041,0.9809250208734228
1753686900000.0,192.11,192.81,191.58,192.63,209164.9,SOLUSDT,189.92978548208222,184.7787101149708,58.82512211430306,0.7141136354177604,0.9275627437822904
1753686000000.0,194.02,194.11,191.93,192.11,238989.7,SOLUSDT,190.01528409062803,184.85165827303078,54.60730109557769,0.6522390699178686,0.8724980090094061
1753685100000.0,193.83,194.34,193.72,194.02,43215.4,SOLUSDT,190.1723317733485,184.94288555389616,64.63702198211573,0.7486935947265749,0.8477371261528399
1753684200000.0,193.65,194.02,193.55,193.83,46617.0,SOLUSDT,190.31576974302112,185.0313145533599,63.14240847556609,0.8005745632265189,0.8383046135675757
1753683300000.0,194.24,194.47,193.56,193.65,107942.6,SOLUSDT,190.44652387074578,185.11707261750558,61.68713127575931,0.8177397144646932,0.8341916337469992
1753682400000.0,194.38,194.56,193.91,194.24,66236.6,SOLUSDT,190.59528764052047,185.20784801434633,64.56960137109311,0.8689347507400385,0.8411402571456071
1753681500000.0,193.75,195.34,193.31,194.38,177069.9,SOLUSDT,190.7437077330491,185.29911320823342,65.23792458077315,0.9103105227421793,0.8549743102649217
1753680600000.0,193.23,193.98,192.92,193.75,112883.9,SOLUSDT,190.86160154743934,185.38320163402213,59.773823335715385,0.8820971187809903,0.8603988719681355
1753679700000.0,193.09,193.78,192.97,193.23,106197.6,SOLUSDT,190.954479918128,185.46127922970354,55.632007263010344,0.8084587297084624,0.8500108435162008
1753678800000.0,193.1,193.5,192.67,193.09,77248.3,SOLUSDT,191.0382258036916,185.53718689905972,54.536348775642594,0.7303835390709139,0.8260853826271435
1753677900000.0,193.07,193.43,192.77,193.1,72738.9,SOLUSDT,191.11907969374292,185.6124387707109,54.60512114490317,0.6616877795791538,0.7932058620175456
1753677000000.0,192.92,193.35,192.58,193.07,65769.3,SOLUSDT,191.19558637241965,185.68664336005705,54.33955561977596,0.5979325517200209,0.7541511999580408
1753676100000.0,193.01,193.37,192.5,192.92,148981.4,SOLUSDT,191.26321043624634,185.75861705796694,52.95285599826916,0.5292020164831683,0.7091613632630663
1753675200000.0,193.39,194.15,192.93,193.01,150580.9,SOLUSDT,191.33171198776608,185.83077012206678,53.71604605073226,0.47650200150860655,0.6626294909121744
1753674300000.0,193.01,193.88,192.99,193.39,153722.4,SOLUSDT,191.41242916471646,185.90598633975767,56.89546781602366,0.46009598406118357,0.6221227895419762
1753673400000.0,191.77,193.25,191.63,193.01,166915.9,SOLUSDT,191.47507900139425,185.97667304284465,52.9763828804291,0.41168561729685393,0.5800353550929518
1753672500000.0,191.45,192.17,191.3,191.77,89919.8,SOLUSDT,191.48664453075136,186.03431808719446,42.6519028944369,0.27014831436414966,0.5180579469471914
1753671600000.0,191.6,192.56,191.25,191.45,156894.6,SOLUSDT,191.48520749032974,186.08820546941143,40.46046230272336,0.13065158626173456,0.4405766748101001
1753670700000.0,191.59,192.04,191.15,191.6,206350.1,SOLUSDT,191.48970915737561,186.14304919608398,41.96568958881961,0.03183618291924972,0.35882857643193006
1753669800000.0,190.78,191.74,190.41,191.59,242208.2,SOLUSDT,191.49364213159618,186.19724771154586,41.88965751117372,-0.04674381893502755,0.2777140973585386
1753668900000.0,188.69,190.98,188.66,190.78,179111.9,SOLUSDT,191.4656561656512,186.2428472368041,36.17283460379048,-0.17239203897545963,0.18769287009173896
1753668000000.0,188.27,188.85,187.81,188.69,94529.8,SOLUSDT,191.35680690425315,186.26719701554237,26.226979019117707,-0.43559344169688075,0.06303560773401502
1753667100000.0,187.84,188.34,187.6,188.27,91406.3,SOLUSDT,191.23575565310597,186.28712540344742,24.75401242145891,-0.6703456125846117,-0.08364063632971033
1753666200000.0,189.23,189.23,187.76,187.84,140461.1,SOLUSDT,191.10258876474887,186.30257689197032,23.310564032139084,-0.8809309816552684,-0.24309870539482198
1753665300000.0,189.41,190.25,188.74,189.23,112169.9,SOLUSDT,191.02915391122932,186.33170548010995,36.25127622808117,-0.9249972282871965,-0.3794784099732969
1753664400000.0,189.71,190.0,188.7,189.41,109934.1,SOLUSDT,190.9656576794164,186.36233527632777,37.716942016171345,-0.9346218120781771,-0.490507090394273
1753663500000.0,189.52,190.14,188.97,189.71,92558.4,SOLUSDT,190.91641620179223,186.39564537308073,40.18528183676337,-0.9075798556514201,-0.5739216434457024
1753662600000.0,191.02,191.14,189.45,189.52,137895.2,SOLUSDT,190.8616547821141,186.42673347882123,39.12764691446024,-0.8912070424321428,-0.6373787232429905
1753661700000.0,189.04,191.19,188.9,191.02,190679.9,SOLUSDT,190.8678643985018,186.47243762331058,50.25811323533259,-0.7485650144975864,-0.6596159814939097
1753660800000.0,188.64,189.04,188.07,189.04,52853.8,SOLUSDT,190.79618344169782,186.49798550765576,39.889693242969265,-0.7862265024178043,-0.6849380856786886
1753659900000.0,188.31,188.87,188.22,188.64,49967.5,SOLUSDT,190.7116272282979,186.51929908469404,38.1762144023661,-0.8386823519004167,-0.7156869389230343
1753659000000.0,188.06,188.54,187.56,188.31,93245.4,SOLUSDT,190.61744576836466,186.53711700424935,36.77280793181107,-0.896547392356581,-0.7518590296097436
1753658100000.0,187.56,188.15,187.52,188.06,139362.7,SOLUSDT,190.5171537774484,186.5522700688837,35.70204229371859,-0.9516092059064931,-0.7918090648690936
1753657200000.0,188.94,189.11,187.17,187.56,245204.2,SOLUSDT,190.4011869626465,186.5622972323774,33.5950743960979,-1.0237902939480819,-0.8382053106848913
1753656300000.0,190.13,190.13,188.92,188.94,88864.0,SOLUSDT,190.34388551313097,186.5859559663836,43.50496588640437,-0.9585898325111657,-0.8622822150501462
1753655400000.0,190.08,190.36,189.52,190.13,136771.0,SOLUSDT,190.3354978459494,186.62122008612107,50.38143314251444,-0.80165397431972,-0.850156566904061
1753654500000.0,190.24,190.79,189.49,190.08,199912.9,SOLUSDT,190.32547832257885,186.6556358066572,50.10547196605476,-0.6735514760293597,-0.8148355487291209
1753653600000.0,187.97,190.37,187.84,190.24,427578.3,SOLUSDT,190.32212623149732,186.69130112201384,51.02983736096734,-0.5527469377559555,-0.7624178265344879
1753652700000.0,186.71,188.0,186.69,187.97,35506.1,SOLUSDT,190.22988598712487,186.7040244939341,39.77192366828493,-0.632883018165586,-0.7365108648607075
1753651800000.0,186.98,187.35,186.49,186.71,34674.5,SOLUSDT,190.09185124253173,186.7040839517059,35.1380823441076,-0.7889681749746558,-0.7470023268834972
1753650900000.0,186.59,187.03,186.42,186.98,41289.7,SOLUSDT,189.9698178604717,186.70682938502227,36.83636349341594,-0.8807275636430347,-0.7737473742354049
1753650000000.0,187.14,187.49,186.56,186.59,49119.0,SOLUSDT,189.83727598359044,186.70566690357927,35.39476485907507,-0.9736931523302985,-0.8137365298543837
1753649100000.0,187.24,187.51,186.66,187.14,71075.7,SOLUSDT,189.7315004548222,186.70998862593174,39.019224918236596,-0.9915585776285241,-0.8493009394092118
1753648200000.0,187.97,187.98,187.13,187.24,34071.3,SOLUSDT,189.63379455463308,186.71526237094736,39.68181641086732,-0.9862786848835299,-0.8766964885040754
1753647300000.0,187.87,188.23,187.63,187.97,33409.7,SOLUSDT,189.56854770935337,186.7277473224802,44.428724510467944,-0.9126687554122555,-0.8838909418857115
1753646400000.0,186.97,188.02,186.97,187.87,45672.0,SOLUSDT,189.5019379952611,186.739113020764,43.91883601432846,-0.8525735826879384,-0.8776274700461569
1753645500000.0,187.23,187.52,186.88,186.97,55957.6,SOLUSDT,189.40264630917244,186.74141040364196,39.52257204845778,-0.8675694036852235,-0.8756158567739702
1753644600000.0,187.53,187.92,187.18,187.23,31764.5,SOLUSDT,189.31744449312646,186.74627199166542,41.349087027906094,-0.848690694737968,-0.8702308243667698
1753643700000.0,187.98,187.99,187.42,187.53,33992.6,SOLUSDT,189.24734863065092,186.7540702803056,43.47055856723753,-0.8002963706939852,-0.856243933632213
1753642800000.0,188.41,188.62,187.8,187.98,52389.1,SOLUSDT,189.1976486843509,186.76626858597422,46.591249731525,-0.7173629672897732,-0.8284677403637251
1753732800000.0,3.1592,3.1625,3.1275,3.1328,13176077.0,XRPUSDT,3.133068795984274,3.1219789910551685,50.1973021074465,0.0003995426176977013,0.0007573646660949672
1753731900000.0,3.1405,3.1593,3.1274,3.1592,22040591.0,XRPUSDT,3.13409354908293,3.1223493493531276,57.650422842948736,0.002493787235237299,0.0011046491799234337
1753731000000.0,3.1586,3.1589,3.1384,3.1405,3710583.0,XRPUSDT,3.1343447824522266,3.1225299528421515,51.74347371296822,0.0026144200582645105,0.0014066033555916492
1753730100000.0,3.155,3.1614,3.1495,3.1586,2775959.0,XRPUSDT,3.1352959674541,3.1228888587840204,56.40006602746543,0.0041230136368954895,0.0019498854118524173
1753729200000.0,3.1413,3.1603,3.1407,3.155,14783256.0,XRPUSDT,3.136068674612763,3.1232083726269657,55.257936310595895,0.00497079477528839,0.0025540672845396116
1753728300000.0,3.1471,3.1484,3.1318,3.1413,13468797.0,XRPUSDT,3.1362738246279487,3.1233883888197322,51.02338107031869,0.00448548604012311,0.0029403510356563116
1753727400000.0,3.1345,3.1485,3.113,3.1471,30352489.0,XRPUSDT,3.136698380524892,3.123624325249387,52.67678693892432,0.004516819811259953,0.00325564479077704
1753726500000.0,3.15,3.1507,3.1215,3.1345,29231462.0,XRPUSDT,3.136612169523916,3.1237325409185477,48.820904943637736,0.0034847671269795377,0.0033014692580175396
1753725600000.0,3.1559,3.1599,3.1202,3.15,21399079.0,XRPUSDT,3.137137182483763,3.123993908670602,53.34515921899029,0.003872933632150133,0.0034157621328440584
1753724700000.0,3.1603,3.1648,3.1523,3.1559,4475833.0,XRPUSDT,3.1378729792491056,3.124311382216168,54.97669561267554,0.004603571963755382,0.0036533240990263235
1753723800000.0,3.1766,3.1807,3.1557,3.1603,3438038.0,XRPUSDT,3.138752470258945,3.12466947791551,56.2066625737634,0.005474544195482878,0.004017568118317634
1753722900000.0,3.1633,3.1779,3.1553,3.1766,5061685.0,XRPUSDT,3.140236687111535,3.1251861995282915,60.51051311939552,0.007394826779366426,0.004693019850527393
1753722000000.0,3.1685,3.1768,3.1633,3.1633,3703985.0,XRPUSDT,3.14114113075422,3.12556544132403,55.70039100329486,0.007754081490051856,0.005305232178432286
1753721100000.0,3.1777,3.1847,3.1664,3.1685,4888593.0,XRPUSDT,3.142214027587388,3.1259926508630946,57.135098867319044,0.008361998069761789,0.005916585356698187
1753720200000.0,3.1656,3.178,3.158,3.1777,4135762.0,XRPUSDT,3.143605634348667,3.1265071518495318,59.62642163031571,0.009476895696944876,0.006628647424747525
1753719300000.0,3.1548,3.1693,3.1504,3.1656,3305219.0,XRPUSDT,3.1444681584918563,3.1268961354132183,55.09125679904749,0.009277150012294122,0.007158347942256845
1753718400000.0,3.1584,3.1612,3.1454,3.1548,5074988.0,XRPUSDT,3.1448733287470776,3.1271737858071167,51.33793505978408,0.008153393136714815,0.00735735698114844
1753717500000.0,3.162,3.1716,3.1444,3.1584,5814439.0,XRPUSDT,3.1454037864432705,3.1274844944060507,52.49963375363503,0.007467220164261157,0.007379329617770984
1753716600000.0,3.1744,3.18,3.1605,3.162,5727577.0,XRPUSDT,3.1460546183474563,3.1278279322726577,53.69021868240504,0.007131703218159036,0.007329804337848595
1753715700000.0,3.1656,3.1767,3.1643,3.1744,7966620.0,XRPUSDT,3.1471662019416735,3.128291335931636,57.62961521449568,0.007776734633969884,0.007419190397072853
1753714800000.0,3.1552,3.1675,3.1521,3.1656,6264987.0,XRPUSDT,3.1478890959831767,3.128662566419879,54.111635743144106,0.0074914830693315615,0.0074336489315245955
1753713900000.0,3.1675,3.1684,3.1474,3.1552,7577886.0,XRPUSDT,3.1481757981014837,3.1289266204853527,50.210613226943266,0.006352992720178197,0.007217517689255316
1753713000000.0,3.1541,3.168,3.1402,3.1675,15512139.0,XRPUSDT,3.148933609940641,3.1293104352068917,54.39786809846512,0.006369810905654472,0.007047976332535147
1753712100000.0,3.1879,3.1915,3.1413,3.1541,31647298.0,XRPUSDT,3.149136213472381,3.1295570975431417,49.51255577281316,0.0052414512400802415,0.0066866713140441665
1753711200000.0,3.191,3.2008,3.1815,3.1879,5639793.0,XRPUSDT,3.1506563619636605,3.1301376239357475,59.41372041857988,0.0069939734252848496,0.006748131736292304
1753710300000.0,3.1931,3.2,3.1798,3.191,7433930.0,XRPUSDT,3.1522384654160662,3.130743219717482,60.18494330922249,0.008534622163831607,0.007105429821800165
1753709400000.0,3.1887,3.208,3.1716,3.1931,22417249.0,XRPUSDT,3.1538408785370047,3.13136368519293,60.729334654669735,0.009811943857406913,0.007646732628921515
1753708500000.0,3.2043,3.2108,3.178,3.1887,27502442.0,XRPUSDT,3.155207902908103,3.131934195788025,58.911793783642935,0.010349880297018554,0.008187362162540924
1753707600000.0,3.2297,3.2309,3.2016,3.2043,19535160.0,XRPUSDT,3.1571330831862165,3.132654253541378,63.125536180370474,0.011897837561135827,0.008929457242259905
1753706700000.0,3.2399,3.2414,3.2247,3.2297,3413503.0,XRPUSDT,3.159978844629894,3.133619882859375,68.74575926855087,0.015001247525203265,0.010143815298848578
1753705800000.0,3.2411,3.2466,3.2326,3.2399,4033578.0,XRPUSDT,3.163113007585585,3.1346773964627643,70.67846477760283,0.018075414904171083,0.01173013521991308
1753704900000.0,3.2406,3.2491,3.238,3.2411,4662527.0,XRPUSDT,3.1661713210136013,3.1357363278412445,70.90640443264734,0.020373689461434807,0.013458846068217427
1753704000000.0,3.2444,3.2465,3.2316,3.2406,4131748.0,XRPUSDT,3.1690900927385584,3.1367797474647148,70.65992550368955,0.02190226708366172,0.015147530271306286
1753703100000.0,3.2395,3.2494,3.2394,3.2444,4322903.0,XRPUSDT,3.1720434224350855,3.1378505957486484,71.47157842108291,0.023153406051689362,0.016748705427382903
1753702200000.0,3.2252,3.2428,3.2241,3.2395,4255190.0,XRPUSDT,3.1746887784180235,3.138862032606871,68.8275353425498,0.02347890346479753,0.018094745034865828
1753701300000.0,3.23,3.231,3.2236,3.2252,4935048.0,XRPUSDT,3.1766696106369245,3.139721116859539,61.65861789057657,0.022325616213359822,0.018940919270564627
1753700400000.0,3.2392,3.2398,3.2292,3.23,2986124.0,XRPUSDT,3.1787609984550844,3.1406194142042203,63.04984338730838,0.021550526586583185,0.01946284073376834
1753699500000.0,3.2353,3.2418,3.231,3.2392,2831231.0,XRPUSDT,3.1811311553784147,3.141600315555422,65.62444896716642,0.0214315757213126,0.019856587731277194
1753698600000.0,3.2529,3.2531,3.2324,3.2353,10014620.0,XRPUSDT,3.1832554237949475,3.1425326507240254,63.60132701342439,0.020783035006683992,0.020041877186358553
1753697700000.0,3.2452,3.2579,3.2412,3.2529,1875951.0,XRPUSDT,3.1859865836461263,3.143630833303886,68.34420889153772,0.021442063962382907,0.020321914541563426
1753696800000.0,3.2532,3.2555,3.2439,3.2452,1644101.0,XRPUSDT,3.188308678405102,3.144641471778474,64.39104369391352,0.021099798170268524,0.020477491267304446
1753695900000.0,3.2438,3.2616,3.2392,3.2532,5327737.0,XRPUSDT,3.190853436114706,3.1457216561388877,66.55551438071208,0.021229364308408716,0.020627865875525304
1753695000000.0,3.2577,3.2582,3.2414,3.2438,6211341.0,XRPUSDT,3.192929771953345,3.1466975600579037,61.80197223891432,0.020339088612554512,0.020570110422931148
1753694100000.0,3.2527,3.2633,3.2473,3.2577,3226074.0,XRPUSDT,3.1954697808963513,3.147802061947875,65.70285504598397,0.020518626587454403,0.0205598136558358
1753693200000.0,3.2641,3.2645,3.2517,3.2527,1893899.0,XRPUSDT,3.1977141032141416,3.148845822525508,63.20253087079248,0.020026599341720797,0.0204531707930128
1753692300000.0,3.2566,3.2661,3.2526,3.2641,1843597.0,XRPUSDT,3.2003174717155476,3.149992630261573,66.34705336285393,0.020322286264958578,0.020426993887401955
1753691400000.0,3.2643,3.2658,3.2491,3.2566,3279496.0,XRPUSDT,3.202524629687487,3.1510534001097166,62.55939835896615,0.01972406620464673,0.02028640835085091
1753690500000.0,3.2604,3.2709,3.2573,3.2643,2867310.0,XRPUSDT,3.2049471932291542,3.1521802319494214,64.78231763801922,0.019644844605204437,0.020158095601721614
1753689600000.0,3.2739,3.2774,3.256,3.2604,5524369.0,XRPUSDT,3.2071218131025208,3.1532570455618654,62.7501741303474,0.019047792416408083,0.01993603496465891
1753688700000.0,3.2708,3.2784,3.2705,3.2739,1328252.0,XRPUSDT,3.209740565529873,3.15445747296921,66.65001897447308,0.019439870702491646,0.01983680211222546
1753687800000.0,3.2833,3.2833,3.2656,3.2708,5813895.0,XRPUSDT,3.2121350531561528,3.155615110054094,64.9679837757073,0.019278224109508635,0.019725086511682095
1753686900000.0,3.2694,3.2862,3.2624,3.2833,7147749.0,XRPUSDT,3.2149258353853236,3.1568856064714663,68.42794086354658,0.01992903405392976,0.01976587602013163
1753686000000.0,3.2897,3.2944,3.2589,3.2694,12170832.0,XRPUSDT,3.2170620771349188,3.1580051526757305,61.190589062210826,0.019102984477006757,0.019633297711506657
1753685100000.0,3.2875,3.2941,3.2843,3.2897,4025919.0,XRPUSDT,3.219910623129628,3.1593155491665192,66.72564243140692,0.019857470028112445,0.019678132174827813
1753684200000.0,3.2968,3.3054,3.2872,3.2875,4858749.0,XRPUSDT,3.2225611869284663,3.1605910163389916,65.63314777444637,0.020046796656151056,0.019751865071092462
1753683300000.0,3.3144,3.3162,3.2939,3.2968,5848681.0,XRPUSDT,3.2254725129312716,3.1619463296092505,68.0170581169694,0.020708556303120407,0.019943203317498052
1753682400000.0,3.3201,3.3263,3.308,3.3144,4713999.0,XRPUSDT,3.228959865365339,3.163463281553437,71.97852122245007,0.022395022621365168,0.020433567178271474
1753681500000.0,3.3062,3.3315,3.2976,3.3201,11769788.0,XRPUSDT,3.2325339882921886,3.1650218558663386,73.13892073140002,0.023915815063051404,0.021130016755227462
1753680600000.0,3.292,3.3063,3.2794,3.3062,10562187.0,XRPUSDT,3.2354228514964167,3.16642661351941,65.96502820410396,0.023725942302970537,0.02164920186477608
1753679700000.0,3.278,3.2973,3.277,3.292,9782991.0,XRPUSDT,3.23764156320244,3.1676760999520526,59.54002219116177,0.02217403695187592,0.02175416888219605
1753678800000.0,3.2725,3.279,3.2646,3.278,2230161.0,XRPUSDT,3.2392242469984223,3.168773850201286,53.959765064596766,0.019588651996438333,0.021321065505044506
1753677900000.0,3.2726,3.2737,3.266,3.2725,1500369.0,XRPUSDT,3.2405291784886803,3.1698059511943084,51.90175908058499,0.016901086552760347,0.020437069714587676
1753677000000.0,3.2637,3.2756,3.2564,3.2726,2701319.0,XRPUSDT,3.2417868577636337,3.170828777550584,51.93765156864047,0.014610816344149402,0.019271819040500023
1753676100000.0,3.2583,3.2655,3.2503,3.2637,2968015.0,XRPUSDT,3.242646196674864,3.17175286931625,48.470844692053625,0.011939968558552394,0.0178054489441105
1753675200000.0,3.2702,3.2766,3.2577,3.2583,3760099.0,XRPUSDT,3.2432600713150657,3.17261403479569,46.445140359149605,0.009280586748656283,0.016100476505019657
1753674300000.0,3.2739,3.2806,3.2657,3.2702,3874164.0,XRPUSDT,3.2443165391066318,3.1735850394245886,51.277537147125024,0.008040551578525346,0.014488491519720795
1753673400000.0,3.2533,3.2768,3.252,3.2739,4509835.0,XRPUSDT,3.2454766748279407,3.1745831982362844,52.706447827200066,0.007272540529807081,0.013045301321738053
1753672500000.0,3.2538,3.2621,3.25,3.2533,3989250.0,XRPUSDT,3.2457834718935117,3.1753664499951273,44.8243776500127,0.004944639673634121,0.011425168992117268
1753671600000.0,3.2698,3.2794,3.2535,3.2538,4844975.0,XRPUSDT,3.246097845544747,3.176146883328509,45.0392185267731,0.0031043225963065524,0.009760999712955125
1753670700000.0,3.2775,3.2883,3.2679,3.2698,4770777.0,XRPUSDT,3.247027341797894,3.177078755136186,51.54161271584736,0.0029034551129720754,0.008389490792958516
1753669800000.0,3.2641,3.2938,3.2593,3.2775,12994438.0,XRPUSDT,3.248222348001898,3.1780779715029905,54.34123827441332,0.0033272375107813446,0.007377040136523082
1753668900000.0,3.2478,3.265,3.2474,3.2641,3405729.0,XRPUSDT,3.2488450010214316,3.178933912085051,49.03225213744705,0.0025523976513923685,0.00641211163949694
1753668000000.0,3.2439,3.2489,3.2364,3.2478,4906820.0,XRPUSDT,3.2488040205892186,3.1796191467906723,43.468994819389074,0.0006159573324819867,0.005252880778093949
1753667100000.0,3.2257,3.244,3.2255,3.2439,5633244.0,XRPUSDT,3.248611706056308,3.180258757270367,42.23425948603441,-0.0012193273314218267,0.003958439156190794
1753666200000.0,3.243,3.2432,3.2215,3.2257,7895261.0,XRPUSDT,3.24771320777959,3.180710908939319,36.95833957489513,-0.004095184805062324,0.0023477143639401704
1753665300000.0,3.2488,3.2632,3.2371,3.243,7844790.0,XRPUSDT,3.2475283761019593,3.1813307008901717,44.105912271340735,-0.004921623739623904,0.0008938467432273555
1753664400000.0,3.2621,3.2696,3.2473,3.2488,7798774.0,XRPUSDT,3.247578243705804,3.182002037199722,46.30397289198024,-0.0050503536884720646,-0.00029499334311252853
1753663500000.0,3.2644,3.2774,3.2529,3.2621,5995976.0,XRPUSDT,3.248147724344792,3.1827990318544517,51.05702413371931,-0.004032687936846635,-0.0010425322618593498
1753662600000.0,3.2861,3.2875,3.2585,3.2644,8669432.0,XRPUSDT,3.2487850684881336,3.183610981786248,51.85076836463566,-0.003005939123615242,-0.0014352136342105286
1753661700000.0,3.2421,3.2862,3.2391,3.2861,12761323.0,XRPUSDT,3.250248399135658,3.184630773012256,58.66241205950324,-0.0004361964451731204,-0.001235410196403047
1753660800000.0,3.2391,3.2421,3.2233,3.2421,3638184.0,XRPUSDT,3.2499288540715146,3.1852026061166114,44.81755812902725,-0.0019278658971608742,-0.0013739013365546124
1753659900000.0,3.2287,3.244,3.2278,3.2391,2947489.0,XRPUSDT,3.2495041931275335,3.1857388985930633,44.05412966343918,-0.003313899047325819,-0.0017619008787088538
1753659000000.0,3.2298,3.2333,3.2189,3.2287,2499086.0,XRPUSDT,3.2486883424166497,3.1861663722389033,41.420057754224416,-0.005191686853895927,-0.0024478580737462684
1753658100000.0,3.2131,3.2321,3.2131,3.2298,6153464.0,XRPUSDT,3.247947623106193,3.1866005376892628,41.81632318993323,-0.006515974316549045,-0.0032614813223068237
1753657200000.0,3.235,3.2361,3.2062,3.2131,7364940.0,XRPUSDT,3.246581049651048,3.1868642139311607,37.65209198882806,-0.008811459088524654,-0.00437147687555039
1753656300000.0,3.2485,3.2508,3.2345,3.235,3431086.0,XRPUSDT,3.2461268908412033,3.187343176976622,45.33942218001468,-0.008762491783507631,-0.0052496798571418386
1753655400000.0,3.2433,3.2493,3.2359,3.2485,3061819.0,XRPUSDT,3.2462199539454697,3.187951702578845,49.474983376182706,-0.0075473465526991745,-0.0057092131962533064
1753654500000.0,3.2467,3.252,3.2333,3.2433,8507328.0,XRPUSDT,3.246105445947608,3.188502431906419,47.969487499384165,-0.006924114858446018,-0.00595219352869185
1753653600000.0,3.2154,3.2473,3.2128,3.2467,11450838.0,XRPUSDT,3.2461287617928,3.189081512185957,49.06094063114287,-0.00608569555544447,-0.005978893934042374
1753652700000.0,3.1983,3.2185,3.1978,3.2154,2123920.0,XRPUSDT,3.2449237123107295,3.1893433876865944,40.6144280514343,-0.007856327776107452,-0.0063543807024553905
1753651800000.0,3.2011,3.207,3.1975,3.1983,2325945.0,XRPUSDT,3.243095331435799,3.189432508207126,36.87886894973301,-0.01051814700567455,-0.007187133963099223
1753650900000.0,3.1912,3.2032,3.1876,3.2011,3709572.0,XRPUSDT,3.241448455693219,3.1895486026528266,37.88628617276205,-0.012260391165527018,-0.008201785403584783
1753650000000.0,3.2022,3.2049,3.1904,3.1912,4147091.0,XRPUSDT,3.239477928018975,3.189565034467227,35.71580092058082,-0.014275421305975478,-0.009416512584062923
1753649100000.0,3.2122,3.2176,3.1939,3.2022,5607316.0,XRPUSDT,3.238016048488819,3.1896907555173044,39.83986833510654,-0.014813972882611992,-0.010496004643772738
1753648200000.0,3.2291,3.2292,3.2106,3.2122,4525160.0,XRPUSDT,3.2370036544304344,3.189914728099222,43.395097218617465,-0.014269373999547863,-0.011250678514927764
1753647300000.0,3.2221,3.2311,3.2219,3.2291,2883412.0,XRPUSDT,3.2366937071978685,3.1903046313022148,48.89201149140433,-0.012331931866098156,-0.011466929185161843
1753646400000.0,3.2088,3.2308,3.2078,3.2221,6303617.0,XRPUSDT,3.236121404954815,3.1906210031300537,46.86207500949197,-0.011231862594978104,-0.011419915867125095
1753645500000.0,3.2093,3.2175,3.1988,3.2088,2749062.0,XRPUSDT,3.235049977309528,3.1908018886710483,43.192691574248606,-0.011302955187748154,-0.011396523731249707
1753644600000.0,3.2041,3.2155,3.2014,3.2093,1404962.0,XRPUSDT,3.234040174277782,3.1909859494802917,43.37220802616072,-0.011189959866553245,-0.011355210958310415
1753643700000.0,3.2079,3.2094,3.1985,3.2041,2672144.0,XRPUSDT,3.2328660497963004,3.1911164375451646,41.88960681662581,-0.011388724673405903,-0.011361913701329513
1753642800000.0,3.2128,3.217,3.2049,3.2079,3253336.0,XRPUSDT,3.231886989019975,3.1912834381666055,43.411915578716844,-0.011111532146884429,-0.011311837390440498
1753732800000.0,25.522,25.567,25.318,25.338,65926.7,AVAXUSDT,25.055711468491676,24.43128419321871,56.48774274004603,0.09067871330781685,0.08802288447321155
1753731900000.0,25.433,25.54,25.339,25.522,88580.0,AVAXUSDT,25.07399729325671,24.442137086818523,61.57019235184,0.10539995296461413,0.09149829817149208
1753731000000.0,25.692,25.694,25.421,25.433,157679.8,AVAXUSDT,25.088075830776056,24.45199641928799,58.03887061259511,0.10863283357361908,0.09492520525191747
1753730100000.0,25.815,25.855,25.672,25.692,80052.5,AVAXUSDT,25.111759131529936,24.46433476337468,64.43208946444591,0.13058870489322416,0.10205790518017882
1753729200000.0,25.579,25.859,25.566,25.815,147695.8,AVAXUSDT,25.139337204803272,24.47777421846548,67.00327420041242,0.15611437382005633,0.11286919890815433
1753728300000.0,25.559,25.603,25.484,25.579,47985.9,AVAXUSDT,25.156578883046283,24.488731688928514,58.29559811128739,0.15550782527190776,0.12139692418090503
1753727400000.0,25.532,25.598,25.411,25.559,78731.1,AVAXUSDT,25.17236010331898,24.499381124859575,57.612278371879164,0.1516649986285188,0.1274505390704278
1753726500000.0,25.729,25.741,25.47,25.532,179074.1,AVAXUSDT,25.18646362867902,24.509655939537588,56.64693226075095,0.14477201480673685,0.13091483421768962
1753725600000.0,25.79,25.809,25.56,25.729,150947.5,AVAXUSDT,25.20773956480926,24.52178871625861,61.690743957480535,0.15343680509101887,0.13541922839235548
1753724700000.0,25.813,25.833,25.722,25.79,47155.0,AVAXUSDT,25.23057330736576,24.53440773400728,63.121484085370014,0.16334298773436018,0.14100398026075642
1753723800000.0,26.003,26.063,25.779,25.813,48597.4,AVAXUSDT,25.253413569822,24.547130045111686,63.672388894892414,0.17107754122718788,0.1470186924540427
1753722900000.0,25.884,26.016,25.738,26.003,148295.1,AVAXUSDT,25.28280911610349,24.56161631331953,67.93386617439008,0.19034447013208577,0.15568384798965132
1753722000000.0,25.883,26.022,25.853,25.884,59692.7,AVAXUSDT,25.30638522919747,24.574774359953167,62.95286248088722,0.19377759710735276,0.16330259781319162
1753721100000.0,26.159,26.194,25.861,25.883,91744.9,AVAXUSDT,25.32899757315051,24.587791530500898,62.911118327285344,0.1941793051693672,0.16947793928442673
1753720200000.0,26.097,26.185,25.93,26.159,67734.7,AVAXUSDT,25.36154668792892,24.603425445620292,69.01757582148785,0.21429825815049597,0.17844200305764057
1753719300000.0,26.019,26.178,26.01,26.097,62493.8,AVAXUSDT,25.39038799428465,24.61828688397233,66.37388812543783,0.22267295626220474,0.1872881936985534
1753718400000.0,26.057,26.107,25.945,26.019,75802.3,AVAXUSDT,25.415039445489175,24.632224327912905,63.09925767913727,0.22047452365728049,0.19392545969029884
1753717500000.0,26.102,26.192,25.875,26.057,188779.6,AVAXUSDT,25.44021436919548,24.64640120027198,64.030312761864,0.21927091379692598,0.1989945505116243
1753716600000.0,26.286,26.467,25.993,26.102,210572.0,AVAXUSDT,25.46616674687409,24.66088477041853,65.15164962032974,0.219418844375884,0.20307940928447626
1753715700000.0,26.343,26.429,26.144,26.286,154307.7,AVAXUSDT,25.498317070526088,24.677055071210386,69.35800929425207,0.23171230742919136,0.20880598891341928
1753714800000.0,26.335,26.416,26.282,26.343,73223.5,AVAXUSDT,25.531441891289774,24.693631637666005,70.54415327126918,0.24325035047746013,0.21569486122622747
1753713900000.0,26.451,26.466,26.25,26.335,72086.4,AVAXUSDT,25.562953973984293,24.70996366117182,70.13380965971945,0.24887986739017975,0.22233186245901793
1753713000000.0,26.295,26.46,26.216,26.451,225199.1,AVAXUSDT,25.59777930833785,24.727287405836776,72.62072646804306,0.259707781012505,0.22980704616971537
1753712100000.0,26.769,26.783,26.162,26.295,531598.4,AVAXUSDT,25.62512129624617,24.74288653612696,64.80545150565877,0.25278711184467184,0.23440305930470667
1753711200000.0,26.969,27.014,26.734,26.769,128723.4,AVAXUSDT,25.669979284628674,24.763046869100823,73.97132970913172,0.2822961361508405,0.24398167467393345
1753710300000.0,27.062,27.104,26.905,26.969,114870.6,AVAXUSDT,25.720921273466764,24.78499665149783,76.72563945621388,0.3181531080585174,0.2588159613508502
1753709400000.0,26.991,27.299,26.876,27.062,241750.6,AVAXUSDT,25.77351259607591,24.807653401234173,77.89689515469394,0.35003930419064844,0.27706062991880986
1753708500000.0,27.074,27.169,26.926,26.991,172338.6,AVAXUSDT,25.821257200151365,24.829378243012936,74.80199102535468,0.36536849712390307,0.2947222033598285
1753707600000.0,27.227,27.38,27.037,27.074,148302.8,AVAXUSDT,25.870384368772882,24.85171278785858,76.0023211792265,0.37983588763145093,0.311744940214153
1753706700000.0,27.153,27.319,27.035,27.227,98280.7,AVAXUSDT,25.923584981762183,24.875347486486856,78.07561098014396,0.3990472518452677,0.32920540254037595
1753705800000.0,27.269,27.314,27.122,27.153,78311.1,AVAXUSDT,25.971797335418568,24.89801069557654,74.71347937774628,0.4036482095416183,0.3440939639406244
1753704900000.0,27.1,27.411,27.083,27.269,168800.3,AVAXUSDT,26.02266802814725,24.92160262895389,76.42713164930169,0.41190653013514833,0.3576564771795292
1753704000000.0,27.302,27.315,27.009,27.1,118093.1,AVAXUSDT,26.064916340768928,24.943278224685695,69.08181131255878,0.4002011513393704,0.3661654120114975
1753703100000.0,26.927,27.334,26.927,27.302,114797.7,AVAXUSDT,26.113429425444657,24.966748093096783,72.48566963791419,0.40258353374906264,0.37344903635901056
1753702200000.0,26.756,26.959,26.727,26.927,79209.2,AVAXUSDT,26.14533415385859,24.986253087195323,59.40956501765198,0.36994769622105395,0.3727487683314193
1753701300000.0,26.873,26.885,26.744,26.756,79298.1,AVAXUSDT,26.16928183409943,25.00386250921328,54.574876298506396,0.3265213540413221,0.36350328547339983
1753700400000.0,27.048,27.048,26.83,26.873,91276.1,AVAXUSDT,26.19687862491906,25.022460892206187,57.144631832023954,0.29811015884020975,0.3504246601467619
1753699500000.0,27.006,27.082,26.949,27.048,59694.4,AVAXUSDT,26.230255933745763,25.042615510194185,60.7236483387993,0.2864135226132376,0.3376224326400571
1753698600000.0,27.225,27.235,26.981,27.006,106699.3,AVAXUSDT,26.260677269677302,25.062151674271856,59.4406157263382,0.2706350922631806,0.3242249645646818
1753697700000.0,27.247,27.359,27.183,27.225,132580.8,AVAXUSDT,26.298493847337017,25.083672553134825,63.74248653481603,0.27265899905714264,0.313911771463174
1753696800000.0,27.095,27.292,27.064,27.247,141383.2,AVAXUSDT,26.33569016704929,25.10519819937229,64.15379949062151,0.27289244171273097,0.3057079055130854
1753695900000.0,26.846,27.284,26.838,27.095,211596.5,AVAXUSDT,26.365467023243436,25.124997222264106,59.160243584399815,0.25784009687921383,0.2961343437863111
1753695000000.0,26.833,26.937,26.748,26.846,74077.1,AVAXUSDT,26.384311453704477,25.142121628012724,52.01732078771236,0.22324535267199508,0.2815565455634479
1753694100000.0,26.782,26.964,26.725,26.833,172733.6,AVAXUSDT,26.40190708297097,25.15894628843051,51.66658149748488,0.19256006472990705,0.2637572493967397
1753693200000.0,26.686,26.817,26.533,26.782,107487.1,AVAXUSDT,26.41681268756034,25.17509607660533,50.235518233979654,0.16225609195783974,0.24345701790895974
1753692300000.0,26.715,26.746,26.636,26.686,85409.3,AVAXUSDT,26.427369052754056,25.190129946489858,47.5648439638771,0.12900647121667674,0.22056690857050315
1753691400000.0,26.724,26.724,26.515,26.715,68196.4,AVAXUSDT,26.438648697744092,25.205302782843194,48.45629423809135,0.10379942965346345,0.19721341278709523
1753690500000.0,26.571,26.732,26.547,26.724,51848.8,AVAXUSDT,26.449838944891383,25.22041419793928,48.74751256398912,0.08358537225034013,0.17448780467974423
1753689600000.0,26.546,26.75,26.481,26.571,69719.1,AVAXUSDT,26.454590358817214,25.233852862636404,44.17787754844462,0.054590479729370145,0.15050833968966942
1753688700000.0,26.374,26.562,26.371,26.546,30563.0,AVAXUSDT,26.458175050628302,25.246909053057934,43.46097231112771,0.029257267871294346,0.1262581253259944
1753687800000.0,26.51,26.512,26.325,26.374,39512.1,AVAXUSDT,26.45487406825072,25.25812388835089,38.79630770684444,-0.0046449040160432276,0.10007751945758687
1753686900000.0,26.546,26.568,26.434,26.51,60403.0,AVAXUSDT,26.45703586949579,25.27058036707377,43.92152544961551,-0.02030449846890292,0.07600111587228893
1753686000000.0,26.762,26.792,26.41,26.546,124140.9,AVAXUSDT,26.460524658927326,25.283271109689952,45.22900117543104,-0.029470226334034066,0.054906847431024336
1753685100000.0,26.438,26.777,26.424,26.762,124744.9,AVAXUSDT,26.472347221322334,25.297984829991545,52.40000973478187,-0.019084739888377555,0.04010852996714396
1753684200000.0,26.409,26.476,26.381,26.438,31956.1,AVAXUSDT,26.471000271466558,25.309328264518996,43.252259083632985,-0.0365766266914882,0.02477149863541753
1753683300000.0,26.501,26.538,26.4,26.409,60227.3,AVAXUSDT,26.46856888827179,25.320270271837217,42.53647486790184,-0.05217765906781224,0.009381667094771578
1753682400000.0,26.57,26.589,26.476,26.501,31532.0,AVAXUSDT,26.46984069657486,25.332018826346303,45.61154185904458,-0.056467041595496426,-0.003788074643282024
1753681500000.0,26.465,26.639,26.424,26.57,53359.3,AVAXUSDT,26.473768512395456,25.344337046979675,47.86494104289875,-0.05367989637820969,-0.013766438990267558
1753680600000.0,26.587,26.601,26.373,26.465,48237.6,AVAXUSDT,26.47342464916426,25.355487922134106,44.82164586973541,-0.059260567260636776,-0.022865264644341403
1753679700000.0,26.464,26.647,26.435,26.587,112833.4,AVAXUSDT,26.47787858449115,25.367741773655162,48.88799515373462,-0.05322535992053545,-0.028937283699580214
1753678800000.0,26.523,26.53,26.376,26.464,79706.9,AVAXUSDT,26.477334326275813,25.378649815708343,45.26607601243387,-0.05770233012506765,-0.034690292984677705
1753677900000.0,26.366,26.634,26.345,26.523,147472.6,AVAXUSDT,26.479125137010097,25.39003638470627,47.28357827339543,-0.05584579874542683,-0.03892139413682753
1753677000000.0,26.309,26.399,26.299,26.366,45307.6,AVAXUSDT,26.474688857127347,25.399747465455462,42.76616261863484,-0.06627904853350941,-0.04439292501616391
1753676100000.0,26.17,26.369,26.109,26.309,44496.9,AVAXUSDT,26.46819125488706,25.408794754356407,41.22619066479049,-0.07824493884002948,-0.05116332778093702
1753675200000.0,26.136,26.266,26.136,26.17,28992.0,AVAXUSDT,26.456497480185607,25.416368935905098,37.664401359713494,-0.09781656299653108,-0.06049397482405583
1753674300000.0,26.11,26.213,26.107,26.136,35121.4,AVAXUSDT,26.443928951550877,25.423529444005545,36.82628988690233,-0.11474798861206637,-0.07134477758165794
1753673400000.0,26.039,26.125,26.028,26.11,25114.2,AVAXUSDT,26.43083369854888,25.43035999680151,36.163583299960436,-0.12877975524973806,-0.08283177311527397
1753672500000.0,26.15,26.194,26.027,26.039,19000.1,AVAXUSDT,26.415467671154808,25.436416116236323,34.34594099029228,-0.14396954671515516,-0.0950593278352502
1753671600000.0,26.251,26.324,26.1,26.15,30883.0,AVAXUSDT,26.405057174246778,25.443516453388202,39.46829062494164,-0.14537500103461198,-0.10512246247512257
1753670700000.0,26.248,26.314,26.16,26.251,51063.8,AVAXUSDT,26.39901571643318,25.451551115543545,43.76740354788495,-0.13676246523322177,-0.11145046302674241
1753669800000.0,26.093,26.327,26.067,26.248,90996.9,AVAXUSDT,26.393093531475017,25.4594759800655,43.66819576881286,-0.12869552162548814,-0.11489947474649156
1753668900000.0,25.942,26.101,25.941,26.093,36140.8,AVAXUSDT,26.381325157691684,25.465779701656885,38.777507705433244,-0.1332733233957768,-0.11857424447634862
1753668000000.0,25.856,25.942,25.794,25.942,40186.0,AVAXUSDT,26.364096720135148,25.47051821208816,34.70025765286191,-0.1473867199577299,-0.1243367395726249
1753667100000.0,25.825,25.877,25.762,25.856,27497.7,AVAXUSDT,26.34417135856122,25.474353851768875,32.598006117095395,-0.16362500250674827,-0.1321943921594496
1753666200000.0,25.895,25.895,25.787,25.825,27675.9,AVAXUSDT,26.323811697441172,25.477842868169184,31.848982574708188,-0.1769555657288393,-0.14114662687332755
1753665300000.0,25.921,26.005,25.821,25.895,33305.6,AVAXUSDT,26.30699555244348,25.48199368540133,35.45547378446463,-0.17979910596575976,-0.148877122691814
1753664400000.0,25.988,26.087,25.906,25.921,65870.1,AVAXUSDT,26.291858471955504,25.48636190743714,36.79340842161654,-0.1779038841460725,-0.1546824749826657
1753663500000.0,26.093,26.123,25.957,25.988,38642.2,AVAXUSDT,26.279942453447443,25.491353331243737,40.23162377365708,-0.16904689971018172,-0.1575553599281689
1753662600000.0,26.172,26.194,26.07,26.093,34768.5,AVAXUSDT,26.27261137684166,25.49733986526121,45.257316861181806,-0.15180513811841578,-0.15640531556621828
1753661700000.0,26.203,26.294,26.131,26.172,75139.6,AVAXUSDT,26.26866583265179,25.504052901427766,48.749109141628985,-0.13026466806083548,-0.15117718606514172
1753660800000.0,26.05,26.209,25.97,26.203,61112.4,AVAXUSDT,26.266090701959563,25.511007598926,50.09432367906434,-0.10943079929138477,-0.14282790871039033
1753659900000.0,25.92,26.075,25.872,26.05,32868.4,AVAXUSDT,26.257616556784676,25.5163707073944,43.96129456301798,-0.1040660212037352,-0.13507553120905932
1753659000000.0,25.958,25.97,25.795,25.92,85432.8,AVAXUSDT,26.24437669181273,25.520386919261124,39.532574663717426,-0.10904728029513677,-0.12986988102627484
1753658100000.0,25.856,26.037,25.856,25.958,58145.0,AVAXUSDT,26.23314623331027,25.524741278273453,41.391215118519746,-0.10867593308417867,-0.1256310914378556
1753657200000.0,25.944,25.974,25.769,25.856,72103.9,AVAXUSDT,26.218356184945158,25.5280373849573,38.01357137384556,-0.11528327150198692,-0.12356152745068189
1753656300000.0,26.201,26.468,25.944,25.944,190657.0,AVAXUSDT,26.20759711886888,25.532176316450265,42.38205407177197,-0.11212624864982246,-0.12127447169051
1753655400000.0,25.85,26.204,25.826,26.201,97253.7,AVAXUSDT,26.207338408325004,25.538831278475637,52.83599055715684,-0.08787358118843969,-0.11459429359009596
1753654500000.0,25.72,25.856,25.674,25.85,66633.1,AVAXUSDT,26.193325137410298,25.541927484659958,41.706313448842224,-0.09587079521512365,-0.1108495939151015
1753653600000.0,25.555,25.745,25.545,25.72,45396.0,AVAXUSDT,26.174763367315776,25.54369935048424,38.47381117275679,-0.1114142444358599,-0.11096252401925319
1753652700000.0,25.53,25.582,25.501,25.555,8774.7,AVAXUSDT,26.15045892153869,25.543811794758028,34.78831698701441,-0.1354848756551128,-0.11586699434642513
1753651800000.0,25.634,25.665,25.465,25.53,28962.8,AVAXUSDT,26.126127199125406,25.543674363964417,34.25292856169668,-0.15479394711572425,-0.12365238490028496
1753650900000.0,25.551,25.656,25.526,25.634,47991.5,AVAXUSDT,26.106828093277354,25.544573126512034,38.4935932063902,-0.1598618071248552,-0.13089426934519902
1753650000000.0,25.541,25.592,25.455,25.551,69158.5,AVAXUSDT,26.08503091314883,25.544637075501967,36.47176728111416,-0.1686316483613588,-0.13844174514843097
1753649100000.0,25.466,25.546,25.457,25.541,30919.7,AVAXUSDT,26.06369636753515,25.54460088569598,36.224896860359195,-0.17437859920634935,-0.14562911596001465
1753648200000.0,25.464,25.521,25.409,25.466,27406.5,AVAXUSDT,26.040257294298478,25.543818787330846,34.347101386217176,-0.1828768815013575,-0.15307866906828324
1753647300000.0,25.44,25.488,25.377,25.464,13892.1,AVAXUSDT,26.01765896903187,25.543024570541487,34.29604634825742,-0.18761055701452278,-0.15998504665753116
1753646400000.0,25.421,25.476,25.416,25.44,15145.7,AVAXUSDT,25.99500567612866,25.541999450436595,33.64965569835776,-0.1910957950147001,-0.16620719632896494
1753645500000.0,25.443,25.479,25.368,25.421,16546.0,AVAXUSDT,25.972495649613812,25.540795475805385,33.11750376387219,-0.193164334245445,-0.17159862391226097
1753644600000.0,25.427,25.527,25.424,25.443,30271.4,AVAXUSDT,25.95173111433484,25.53982238649389,34.41092588355983,-0.19082869593054852,-0.1754446383159185
1753643700000.0,25.415,25.427,25.308,25.427,18420.4,AVAXUSDT,25.931153423576614,25.538699775683003,33.897500342957855,-0.18810044715471363,-0.17797580008367753
1753642800000.0,25.422,25.494,25.369,25.415,15388.0,AVAXUSDT,25.91091211284812,25.53746893214387,33.493862119714365,-0.18477660042544386,-0.17933596015203082
